/*
 Navicat Premium Data Transfer

 Source Server         : localhost_5432
 Source Server Type    : PostgreSQL
 Source Server Version : 130003
 Source Host           : localhost:5432
 Source Catalog        : tour_bot_api
 Source Schema         : public

 Target Server Type    : PostgreSQL
 Target Server Version : 130003
 File Encoding         : 65001

 Date: 11/08/2021 15:49:05
*/


-- ----------------------------
-- Sequence structure for accepted_offers_id_seq
-- ----------------------------
DROP SEQUENCE IF EXISTS "public"."accepted_offers_id_seq";
CREATE SEQUENCE "public"."accepted_offers_id_seq" 
INCREMENT 1
MINVALUE  1
MAXVALUE 9223372036854775807
START 1
CACHE 1;

-- ----------------------------
-- Sequence structure for offers_id_seq
-- ----------------------------
DROP SEQUENCE IF EXISTS "public"."offers_id_seq";
CREATE SEQUENCE "public"."offers_id_seq" 
INCREMENT 1
MINVALUE  1
MAXVALUE 9223372036854775807
START 1
CACHE 1;

-- ----------------------------
-- Sequence structure for order_seq
-- ----------------------------
DROP SEQUENCE IF EXISTS "public"."order_seq";
CREATE SEQUENCE "public"."order_seq" 
INCREMENT 1
MINVALUE  1
MAXVALUE 9223372036854775807
START 1000000
CACHE 1;

-- ----------------------------
-- Sequence structure for user_requests_id_seq
-- ----------------------------
DROP SEQUENCE IF EXISTS "public"."user_requests_id_seq";
CREATE SEQUENCE "public"."user_requests_id_seq" 
INCREMENT 1
MINVALUE  1
MAXVALUE 9223372036854775807
START 1
CACHE 1;

-- ----------------------------
-- Sequence structure for verification_tokens_id_seq
-- ----------------------------
DROP SEQUENCE IF EXISTS "public"."verification_tokens_id_seq";
CREATE SEQUENCE "public"."verification_tokens_id_seq" 
INCREMENT 1
MINVALUE  1
MAXVALUE 9223372036854775807
START 1
CACHE 1;

-- ----------------------------
-- Table structure for accepted_offers
-- ----------------------------
DROP TABLE IF EXISTS "public"."accepted_offers";
CREATE TABLE "public"."accepted_offers" (
  "id" int8 NOT NULL GENERATED BY DEFAULT AS IDENTITY (
INCREMENT 1
MINVALUE  1
MAXVALUE 9223372036854775807
START 1
),
  "uuid" varchar(255) COLLATE "pg_catalog"."default",
  "agent_username" varchar(255) COLLATE "pg_catalog"."default",
  "created_at" timestamp(6),
  "first_name" varchar(255) COLLATE "pg_catalog"."default",
  "last_name" varchar(255) COLLATE "pg_catalog"."default",
  "phone_number" varchar(255) COLLATE "pg_catalog"."default",
  "user_id" int8,
  "username" varchar(255) COLLATE "pg_catalog"."default",
  "user_request_id" int8 NOT NULL,
  "is_telegram_number" bool
)
;

-- ----------------------------
-- Records of accepted_offers
-- ----------------------------
INSERT INTO "public"."accepted_offers" VALUES (7, '6cf713ac-3dc9-4203-99ff-c7836e65215c', 'seynur_mmc_f3949f69-54ec-4ed2-8ab8-f1020eac7a1d', '2021-08-09 17:36:52.230913', 'Seynur', NULL, '+994559294860', 387071138, 'Seynurmm', 405, NULL);

-- ----------------------------
-- Table structure for offers
-- ----------------------------
DROP TABLE IF EXISTS "public"."offers";
CREATE TABLE "public"."offers" (
  "id" int8 NOT NULL GENERATED BY DEFAULT AS IDENTITY (
INCREMENT 1
MINVALUE  1
MAXVALUE 9223372036854775807
START 1
),
  "date_interim" varchar(255) COLLATE "pg_catalog"."default",
  "description" text COLLATE "pg_catalog"."default",
  "notes" text COLLATE "pg_catalog"."default",
  "price" int8,
  "user_request_id" int8 NOT NULL
)
;

-- ----------------------------
-- Records of offers
-- ----------------------------
INSERT INTO "public"."offers" VALUES (110, '21.12.2001-21.12.2003', 'India’s powerful empires left their marks on the monuments of some of the country’s most visited destinations. Towers, forts, mausoleums and palaces provide glimpses into the rich history of India and the skills and artistry of its craftsmen. Although India’s large cities bustle with activity, oasis of calm canbe found in their gardens, temples, lakes and beaches powerful empires left their marks on the monuments of some of the country’s most visited destinations.India’s powerful empires left their marks on the monuments of some of the country’s most visited destinations. Towers, forts, mausoleums and palaces provide glimpses into the rich history of India and the skills and artistry of its craftsmen. Although India’s large cities bustle with activity.', 'Accommodations: Delhi 2 nights, Agra 1 night, Jaipur 2 nights, Jodhpur 2 nights, Udaipur 2 powerful empires left their marks on the monuments of some of the country’s most visited destinations.', 120, 405);
INSERT INTO "public"."offers" VALUES (111, '21.12.2001-21.12.2003', 'India’s powerful empires left their marks on the monuments of some of the country’s most visited destinations. Towers, forts, mausoleums and palaces provide glimpses into the rich history of India and the skills and artistry of its craftsmen. Although India’s large cities bustle with activity, oasis of calm canbe found in their gardens, temples, lakes and beaches powerful empires left their marks on the monuments of some of the country’s most visited destinations.India’s powerful empires left their marks on the monuments of some of the country’s most visited destinations. Towers, forts, mausoleums and palaces provide glimpses into the rich history of India and the skills and artistry of its craftsmen. Although India’s large cities bustle with activity.', 'Accommodations: Delhi 2 nights, Agra 1 night, Jaipur 2 nights, Jodhpur 2 nights, Udaipur 2 powerful empires left their marks on the monuments of some of the country’s most visited destinations.', 120, 418);
INSERT INTO "public"."offers" VALUES (112, '21.12.2001-21.12.2003', 'India’s powerful empires left their marks on the monuments of some of the country’s most visited destinations. Towers, forts, mausoleums and palaces provide glimpses into the rich history of India and the skills and artistry of its craftsmen. Although India’s large cities bustle with activity, oasis of calm canbe found in their gardens, temples, lakes and beaches powerful empires left their marks on the monuments of some of the country’s most visited destinations.India’s powerful empires left their marks on the monuments of some of the country’s most visited destinations. Towers, forts, mausoleums and palaces provide glimpses into the rich history of India and the skills and artistry of its craftsmen. Although India’s large cities bustle with activity.', 'Accommodations: Delhi 2 nights, Agra 1 night, Jaipur 2 nights, Jodhpur 2 nights, Udaipur 2 powerful empires left their marks on the monuments of some of the country’s most visited destinations.', 120, 444);
INSERT INTO "public"."offers" VALUES (113, '21.12.2001-21.12.2003', 'India’s powerful empires left their marks on the monuments of some of the country’s most visited destinations. Towers, forts, mausoleums and palaces provide glimpses into the rich history of India and the skills and artistry of its craftsmen. Although India’s large cities bustle with activity, oasis of calm canbe found in their gardens, temples, lakes and beaches powerful empires left their marks on the monuments of some of the country’s most visited destinations.India’s powerful empires left their marks on the monuments of some of the country’s most visited destinations. Towers, forts, mausoleums and palaces provide glimpses into the rich history of India and the skills and artistry of its craftsmen. Although India’s large cities bustle with activity.', 'Accommodations: Delhi 2 nights, Agra 1 night, Jaipur 2 nights, Jodhpur 2 nights, Udaipur 2 powerful empires left their marks on the monuments of some of the country’s most visited destinations.', 120, 431);

-- ----------------------------
-- Table structure for requests
-- ----------------------------
DROP TABLE IF EXISTS "public"."requests";
CREATE TABLE "public"."requests" (
  "order_id" int8 NOT NULL,
  "uuid" varchar(255) COLLATE "pg_catalog"."default",
  "answers" text COLLATE "pg_catalog"."default",
  "created_at" timestamp(6),
  "experation_date" timestamp(6),
  "is_active" bool NOT NULL
)
;

-- ----------------------------
-- Records of requests
-- ----------------------------
INSERT INTO "public"."requests" VALUES (1000227, 'cbfadcab-3e4e-4d43-9f03-6cf70febf48b', '{"travelEndDate":"2021-08-31","tourType":"DOES_NOT_MATTER","travelStartDate":"2021-08-31","language":"RU","addressToType":"AGENCY_PROPOSALS","travellerCount":"10","addressFrom":"Odld","budget":"100"}', '2021-08-10 09:25:15.417076', '2021-08-10 10:10:15.417076', 'f');
INSERT INTO "public"."requests" VALUES (1000228, 'bc01523a-6393-43fb-a164-dfaa7dd92511', '{"travelEndDate":"2021-08-27","tourType":"RELAX_AND_WALK","travelStartDate":"2021-08-11","language":"AZ","addressToType":"AGENCY_PROPOSALS","travellerCount":"1","addressFrom":"Baku","budget":"500"}', '2021-08-10 11:40:19.641935', '2021-08-10 12:25:19.643934', 't');
INSERT INTO "public"."requests" VALUES (1000229, '80b5c872-20f0-4ed5-a006-33df266f58d6', '{"travelEndDate":"2021-08-18","tourType":"DOES_NOT_MATTER","travelStartDate":"2021-08-11","language":"EN","addressToType":"AGENCY_PROPOSALS","travellerCount":"2","addressFrom":"Baku","budget":"111"}', '2021-08-10 11:40:47.09489', '2021-08-10 12:25:47.09489', 't');
INSERT INTO "public"."requests" VALUES (1000226, '6cf713ac-3dc9-4203-99ff-c7836e65215c', '{"travelEndDate":"2021-10-28","tourType":"DOES_NOT_MATTER","travelStartDate":"2021-08-26","language":"EN","addressToType":"AGENCY_PROPOSALS","travellerCount":"10","addressFrom":"Bak","budget":"2131"}', '2021-08-09 17:33:57.988651', '2021-08-09 18:18:57.989649', 'f');

-- ----------------------------
-- Table structure for user_requests
-- ----------------------------
DROP TABLE IF EXISTS "public"."user_requests";
CREATE TABLE "public"."user_requests" (
  "id" int8 NOT NULL GENERATED BY DEFAULT AS IDENTITY (
INCREMENT 1
MINVALUE  1
MAXVALUE 9223372036854775807
START 1
),
  "request_status" int4,
  "request_id" int8 NOT NULL,
  "user_id" varchar(255) COLLATE "pg_catalog"."default" NOT NULL,
  "is_archived" bool,
  "is_deleted" bool,
  "is_offered" bool
)
;

-- ----------------------------
-- Records of user_requests
-- ----------------------------
INSERT INTO "public"."user_requests" VALUES (406, 3, 1000226, 'test2_80d15c13-1b72-4050-aa6c-0244d5fea2db', 't', 'f', NULL);
INSERT INTO "public"."user_requests" VALUES (407, 3, 1000226, 'test1_f77e8e72-abc6-4c3c-8521-0805391d3395', 't', 'f', NULL);
INSERT INTO "public"."user_requests" VALUES (408, 3, 1000226, 'test7_220708f2-7935-4fa0-8176-e97328be00e2', 't', 'f', NULL);
INSERT INTO "public"."user_requests" VALUES (409, 3, 1000226, 'test9_cec7b9f6-14b0-4ed9-b300-433792aa69d6', 't', 'f', NULL);
INSERT INTO "public"."user_requests" VALUES (410, 3, 1000226, 'test8_f388ffc2-c8d2-4113-a742-a68fa0567240', 't', 'f', NULL);
INSERT INTO "public"."user_requests" VALUES (411, 3, 1000226, 'test10_a80e904e-cf11-49b9-8a6a-0e426116ae79', 't', 'f', NULL);
INSERT INTO "public"."user_requests" VALUES (412, 3, 1000226, 'test11_f21c220c-99d6-443d-a999-a7f3c44eec73', 't', 'f', NULL);
INSERT INTO "public"."user_requests" VALUES (413, 3, 1000226, 'name_of_company_aed432b6-9bf7-4ccf-8dad-9cf037730f5d', 't', 'f', NULL);
INSERT INTO "public"."user_requests" VALUES (414, 3, 1000226, 'test6_2f988eb1-ef53-44c1-9d50-d3346f06ed47', 't', 'f', NULL);
INSERT INTO "public"."user_requests" VALUES (415, 3, 1000226, 'test3_1c02f046-0860-4b81-ae8c-fe6217709a4a', 't', 'f', NULL);
INSERT INTO "public"."user_requests" VALUES (416, 3, 1000226, 'test5_c29f0e60-2973-4aed-bb9b-95cbc741531d', 't', 'f', NULL);
INSERT INTO "public"."user_requests" VALUES (417, 3, 1000226, 'test4_dbac56f5-30c4-4216-ba1e-4af49f0fbeaa', 't', 'f', NULL);
INSERT INTO "public"."user_requests" VALUES (405, 3, 1000226, 'seynur_mmc_f3949f69-54ec-4ed2-8ab8-f1020eac7a1d', 't', 'f', NULL);
INSERT INTO "public"."user_requests" VALUES (419, 0, 1000227, 'test2_80d15c13-1b72-4050-aa6c-0244d5fea2db', 'f', 'f', NULL);
INSERT INTO "public"."user_requests" VALUES (420, 0, 1000227, 'test1_f77e8e72-abc6-4c3c-8521-0805391d3395', 'f', 'f', NULL);
INSERT INTO "public"."user_requests" VALUES (421, 0, 1000227, 'test7_220708f2-7935-4fa0-8176-e97328be00e2', 'f', 'f', NULL);
INSERT INTO "public"."user_requests" VALUES (422, 0, 1000227, 'test9_cec7b9f6-14b0-4ed9-b300-433792aa69d6', 'f', 'f', NULL);
INSERT INTO "public"."user_requests" VALUES (423, 0, 1000227, 'test8_f388ffc2-c8d2-4113-a742-a68fa0567240', 'f', 'f', NULL);
INSERT INTO "public"."user_requests" VALUES (424, 0, 1000227, 'test10_a80e904e-cf11-49b9-8a6a-0e426116ae79', 'f', 'f', NULL);
INSERT INTO "public"."user_requests" VALUES (425, 0, 1000227, 'test11_f21c220c-99d6-443d-a999-a7f3c44eec73', 'f', 'f', NULL);
INSERT INTO "public"."user_requests" VALUES (426, 0, 1000227, 'name_of_company_aed432b6-9bf7-4ccf-8dad-9cf037730f5d', 'f', 'f', NULL);
INSERT INTO "public"."user_requests" VALUES (427, 0, 1000227, 'test6_2f988eb1-ef53-44c1-9d50-d3346f06ed47', 'f', 'f', NULL);
INSERT INTO "public"."user_requests" VALUES (428, 0, 1000227, 'test3_1c02f046-0860-4b81-ae8c-fe6217709a4a', 'f', 'f', NULL);
INSERT INTO "public"."user_requests" VALUES (429, 0, 1000227, 'test5_c29f0e60-2973-4aed-bb9b-95cbc741531d', 'f', 'f', NULL);
INSERT INTO "public"."user_requests" VALUES (430, 0, 1000227, 'test4_dbac56f5-30c4-4216-ba1e-4af49f0fbeaa', 'f', 'f', NULL);
INSERT INTO "public"."user_requests" VALUES (418, 1, 1000227, 'seynur_mmc_f3949f69-54ec-4ed2-8ab8-f1020eac7a1d', 'f', 'f', NULL);
INSERT INTO "public"."user_requests" VALUES (432, 0, 1000228, 'test2_80d15c13-1b72-4050-aa6c-0244d5fea2db', 'f', 'f', NULL);
INSERT INTO "public"."user_requests" VALUES (433, 0, 1000228, 'test1_f77e8e72-abc6-4c3c-8521-0805391d3395', 'f', 'f', NULL);
INSERT INTO "public"."user_requests" VALUES (434, 0, 1000228, 'test7_220708f2-7935-4fa0-8176-e97328be00e2', 'f', 'f', NULL);
INSERT INTO "public"."user_requests" VALUES (435, 0, 1000228, 'test9_cec7b9f6-14b0-4ed9-b300-433792aa69d6', 'f', 'f', NULL);
INSERT INTO "public"."user_requests" VALUES (436, 0, 1000228, 'test8_f388ffc2-c8d2-4113-a742-a68fa0567240', 'f', 'f', NULL);
INSERT INTO "public"."user_requests" VALUES (437, 0, 1000228, 'test10_a80e904e-cf11-49b9-8a6a-0e426116ae79', 'f', 'f', NULL);
INSERT INTO "public"."user_requests" VALUES (438, 0, 1000228, 'test11_f21c220c-99d6-443d-a999-a7f3c44eec73', 'f', 'f', NULL);
INSERT INTO "public"."user_requests" VALUES (439, 0, 1000228, 'name_of_company_aed432b6-9bf7-4ccf-8dad-9cf037730f5d', 'f', 'f', NULL);
INSERT INTO "public"."user_requests" VALUES (440, 0, 1000228, 'test6_2f988eb1-ef53-44c1-9d50-d3346f06ed47', 'f', 'f', NULL);
INSERT INTO "public"."user_requests" VALUES (441, 0, 1000228, 'test3_1c02f046-0860-4b81-ae8c-fe6217709a4a', 'f', 'f', NULL);
INSERT INTO "public"."user_requests" VALUES (442, 0, 1000228, 'test5_c29f0e60-2973-4aed-bb9b-95cbc741531d', 'f', 'f', NULL);
INSERT INTO "public"."user_requests" VALUES (443, 0, 1000228, 'test4_dbac56f5-30c4-4216-ba1e-4af49f0fbeaa', 'f', 'f', NULL);
INSERT INTO "public"."user_requests" VALUES (445, 0, 1000229, 'test2_80d15c13-1b72-4050-aa6c-0244d5fea2db', 'f', 'f', NULL);
INSERT INTO "public"."user_requests" VALUES (446, 0, 1000229, 'test1_f77e8e72-abc6-4c3c-8521-0805391d3395', 'f', 'f', NULL);
INSERT INTO "public"."user_requests" VALUES (447, 0, 1000229, 'test7_220708f2-7935-4fa0-8176-e97328be00e2', 'f', 'f', NULL);
INSERT INTO "public"."user_requests" VALUES (448, 0, 1000229, 'test9_cec7b9f6-14b0-4ed9-b300-433792aa69d6', 'f', 'f', NULL);
INSERT INTO "public"."user_requests" VALUES (449, 0, 1000229, 'test8_f388ffc2-c8d2-4113-a742-a68fa0567240', 'f', 'f', NULL);
INSERT INTO "public"."user_requests" VALUES (450, 0, 1000229, 'test10_a80e904e-cf11-49b9-8a6a-0e426116ae79', 'f', 'f', NULL);
INSERT INTO "public"."user_requests" VALUES (451, 0, 1000229, 'test11_f21c220c-99d6-443d-a999-a7f3c44eec73', 'f', 'f', NULL);
INSERT INTO "public"."user_requests" VALUES (452, 0, 1000229, 'name_of_company_aed432b6-9bf7-4ccf-8dad-9cf037730f5d', 'f', 'f', NULL);
INSERT INTO "public"."user_requests" VALUES (453, 0, 1000229, 'test6_2f988eb1-ef53-44c1-9d50-d3346f06ed47', 'f', 'f', NULL);
INSERT INTO "public"."user_requests" VALUES (454, 0, 1000229, 'test3_1c02f046-0860-4b81-ae8c-fe6217709a4a', 'f', 'f', NULL);
INSERT INTO "public"."user_requests" VALUES (455, 0, 1000229, 'test5_c29f0e60-2973-4aed-bb9b-95cbc741531d', 'f', 'f', NULL);
INSERT INTO "public"."user_requests" VALUES (456, 0, 1000229, 'test4_dbac56f5-30c4-4216-ba1e-4af49f0fbeaa', 'f', 'f', NULL);
INSERT INTO "public"."user_requests" VALUES (444, 1, 1000229, 'seynur_mmc_f3949f69-54ec-4ed2-8ab8-f1020eac7a1d', 'f', 'f', NULL);
INSERT INTO "public"."user_requests" VALUES (431, 1, 1000228, 'seynur_mmc_f3949f69-54ec-4ed2-8ab8-f1020eac7a1d', 'f', 'f', NULL);

-- ----------------------------
-- Table structure for users
-- ----------------------------
DROP TABLE IF EXISTS "public"."users";
CREATE TABLE "public"."users" (
  "username" varchar(255) COLLATE "pg_catalog"."default" NOT NULL,
  "tin" int8,
  "agent_name" varchar(255) COLLATE "pg_catalog"."default",
  "agent_surname" varchar(255) COLLATE "pg_catalog"."default",
  "company_name" varchar(255) COLLATE "pg_catalog"."default",
  "created_at" timestamp(6),
  "email" varchar(255) COLLATE "pg_catalog"."default" NOT NULL,
  "is_active" bool
)
;

-- ----------------------------
-- Records of users
-- ----------------------------
INSERT INTO "public"."users" VALUES ('seynur_mmc_f3949f69-54ec-4ed2-8ab8-f1020eac7a1d', 8800055, 'Seynur', 'Mammadov', 'Seynur MMC', '2021-08-03 18:40:50.451165', 'seynursm@code.edu.az', 't');
INSERT INTO "public"."users" VALUES ('test2_80d15c13-1b72-4050-aa6c-0244d5fea2db', 8800055, 'Seynur', 'Mammadov', 'test1', '2021-08-03 17:37:02.724668', 'test1@gmail.com', 't');
INSERT INTO "public"."users" VALUES ('test1_f77e8e72-abc6-4c3c-8521-0805391d3395', 8800055, 'Seynur', 'Mammadov', 'test2', '2021-08-03 17:37:25.000505', 'test2@gmail.com', 't');
INSERT INTO "public"."users" VALUES ('test7_220708f2-7935-4fa0-8176-e97328be00e2', 8800055, 'Seynur', 'Mammadov', 'test7', '2021-08-06 22:54:35.445846', 'test7@gmail.com', 't');
INSERT INTO "public"."users" VALUES ('test9_cec7b9f6-14b0-4ed9-b300-433792aa69d6', 8800055, 'Seynur', 'Mammadov', 'test9', '2021-08-06 22:54:53.493556', 'test9@gmail.com', 't');
INSERT INTO "public"."users" VALUES ('test8_f388ffc2-c8d2-4113-a742-a68fa0567240', 8800055, 'Seynur', 'Mammadov', 'test8', '2021-08-06 22:54:43.400071', 'test8@gmail.com', 't');
INSERT INTO "public"."users" VALUES ('test10_a80e904e-cf11-49b9-8a6a-0e426116ae79', 8800055, 'Seynur', 'Mammadov', 'test10', '2021-08-06 22:55:02.789026', 'test10@gmail.com', 't');
INSERT INTO "public"."users" VALUES ('test11_f21c220c-99d6-443d-a999-a7f3c44eec73', 8800055, 'Seynur', 'Mammadov', 'test11', '2021-08-06 22:55:10.111439', 'test11@gmail.com', 't');
INSERT INTO "public"."users" VALUES ('name_of_company_aed432b6-9bf7-4ccf-8dad-9cf037730f5d', 8800055, 'Seynur', 'Mammadov', 'name_of_company', '2021-08-09 15:25:03.046103', 'company@gmail.com', 't');
INSERT INTO "public"."users" VALUES ('test6_2f988eb1-ef53-44c1-9d50-d3346f06ed47', 8800055, 'Seynur', 'Mammadov', 'test6', '2021-08-03 17:38:57.576491', 'test6@gmail.com', 't');
INSERT INTO "public"."users" VALUES ('test3_1c02f046-0860-4b81-ae8c-fe6217709a4a', 8800055, 'Seynur', 'Mammadov', 'test3', '2021-08-03 17:37:43.713955', 'test3@gmail.com', 't');
INSERT INTO "public"."users" VALUES ('test5_c29f0e60-2973-4aed-bb9b-95cbc741531d', 8800055, 'Seynur', 'Mammadov', 'test5', '2021-08-03 17:38:19.299082', 'test5@gmail.com', 't');
INSERT INTO "public"."users" VALUES ('test4_dbac56f5-30c4-4216-ba1e-4af49f0fbeaa', 8800055, 'Seynur', 'Mammadov', 'test4', '2021-08-03 17:37:59.745316', 'test4@gmail.com', 't');

-- ----------------------------
-- Table structure for verification_tokens
-- ----------------------------
DROP TABLE IF EXISTS "public"."verification_tokens";
CREATE TABLE "public"."verification_tokens" (
  "id" int8 NOT NULL GENERATED BY DEFAULT AS IDENTITY (
INCREMENT 1
MINVALUE  1
MAXVALUE 9223372036854775807
START 1
),
  "created_date" timestamp(6),
  "token" varchar(255) COLLATE "pg_catalog"."default",
  "user_id" varchar(255) COLLATE "pg_catalog"."default" NOT NULL,
  "token_type" int4
)
;

-- ----------------------------
-- Records of verification_tokens
-- ----------------------------

-- ----------------------------
-- Alter sequences owned by
-- ----------------------------
ALTER SEQUENCE "public"."accepted_offers_id_seq"
OWNED BY "public"."accepted_offers"."id";
SELECT setval('"public"."accepted_offers_id_seq"', 8, true);

-- ----------------------------
-- Alter sequences owned by
-- ----------------------------
ALTER SEQUENCE "public"."offers_id_seq"
OWNED BY "public"."offers"."id";
SELECT setval('"public"."offers_id_seq"', 114, true);

-- ----------------------------
-- Alter sequences owned by
-- ----------------------------
SELECT setval('"public"."order_seq"', 1000230, true);

-- ----------------------------
-- Alter sequences owned by
-- ----------------------------
ALTER SEQUENCE "public"."user_requests_id_seq"
OWNED BY "public"."user_requests"."id";
SELECT setval('"public"."user_requests_id_seq"', 457, true);

-- ----------------------------
-- Alter sequences owned by
-- ----------------------------
ALTER SEQUENCE "public"."verification_tokens_id_seq"
OWNED BY "public"."verification_tokens"."id";
SELECT setval('"public"."verification_tokens_id_seq"', 68, true);

-- ----------------------------
-- Primary Key structure for table accepted_offers
-- ----------------------------
ALTER TABLE "public"."accepted_offers" ADD CONSTRAINT "accepted_offers_pkey" PRIMARY KEY ("id");

-- ----------------------------
-- Primary Key structure for table offers
-- ----------------------------
ALTER TABLE "public"."offers" ADD CONSTRAINT "offers_pkey" PRIMARY KEY ("id");

-- ----------------------------
-- Primary Key structure for table requests
-- ----------------------------
ALTER TABLE "public"."requests" ADD CONSTRAINT "requests_pkey" PRIMARY KEY ("order_id");

-- ----------------------------
-- Primary Key structure for table user_requests
-- ----------------------------
ALTER TABLE "public"."user_requests" ADD CONSTRAINT "user_requests_pkey" PRIMARY KEY ("id");

-- ----------------------------
-- Uniques structure for table users
-- ----------------------------
ALTER TABLE "public"."users" ADD CONSTRAINT "uk_6dotkott2kjsp8vw4d0m25fb7" UNIQUE ("email");

-- ----------------------------
-- Primary Key structure for table users
-- ----------------------------
ALTER TABLE "public"."users" ADD CONSTRAINT "users_pkey" PRIMARY KEY ("username");

-- ----------------------------
-- Primary Key structure for table verification_tokens
-- ----------------------------
ALTER TABLE "public"."verification_tokens" ADD CONSTRAINT "verification_tokens_pkey" PRIMARY KEY ("id");

-- ----------------------------
-- Foreign Keys structure for table accepted_offers
-- ----------------------------
ALTER TABLE "public"."accepted_offers" ADD CONSTRAINT "fkq12htktrtheaxlv8w3rjeg2vb" FOREIGN KEY ("user_request_id") REFERENCES "public"."user_requests" ("id") ON DELETE NO ACTION ON UPDATE NO ACTION;

-- ----------------------------
-- Foreign Keys structure for table offers
-- ----------------------------
ALTER TABLE "public"."offers" ADD CONSTRAINT "fkcmamvw5y7evfjsqwk8540600w" FOREIGN KEY ("user_request_id") REFERENCES "public"."user_requests" ("id") ON DELETE NO ACTION ON UPDATE NO ACTION;

-- ----------------------------
-- Foreign Keys structure for table user_requests
-- ----------------------------
ALTER TABLE "public"."user_requests" ADD CONSTRAINT "fkc5wdg4rgq9s2v8g3x7iro1rkh" FOREIGN KEY ("request_id") REFERENCES "public"."requests" ("order_id") ON DELETE NO ACTION ON UPDATE NO ACTION;
ALTER TABLE "public"."user_requests" ADD CONSTRAINT "fkrykq90x6m2rwtong6on5sgs5x" FOREIGN KEY ("user_id") REFERENCES "public"."users" ("username") ON DELETE NO ACTION ON UPDATE NO ACTION;

-- ----------------------------
-- Foreign Keys structure for table verification_tokens
-- ----------------------------
ALTER TABLE "public"."verification_tokens" ADD CONSTRAINT "fk54y8mqsnq1rtyf581sfmrbp4f" FOREIGN KEY ("user_id") REFERENCES "public"."users" ("username") ON DELETE NO ACTION ON UPDATE NO ACTION;
